[{"model": "admin.logentry", "pk": 1, "fields": {"action_time": "2020-10-04T23:01:48.488Z", "user": "28969cee-d338-44ce-a7a1-57e6333e4bb6", "content_type": 21, "object_id": "fa63511d-9a30-410d-8a2a-5f72e56a2072", "object_repr": "Protohaus Gewächshaus", "action_flag": 1, "change_message": "[{\"added\": {}}]"}}, {"model": "admin.logentry", "pk": 2, "fields": {"action_time": "2020-10-04T23:02:05.311Z", "user": "28969cee-d338-44ce-a7a1-57e6333e4bb6", "content_type": 21, "object_id": "7bf7fa66-555e-47d3-8b79-b040eaa05ac5", "object_repr": "Protohaus Makerspace", "action_flag": 1, "change_message": "[{\"added\": {}}]"}}, {"model": "admin.logentry", "pk": 3, "fields": {"action_time": "2020-10-04T23:04:07.702Z", "user": "28969cee-d338-44ce-a7a1-57e6333e4bb6", "content_type": 27, "object_id": "e81a35c7-99d8-4abb-baaa-684af6a39ba8", "object_repr": "ControllerComponentType object (e81a35c7-99d8-4abb-baaa-684af6a39ba8)", "action_flag": 1, "change_message": "[{\"added\": {}}]"}}, {"model": "admin.logentry", "pk": 4, "fields": {"action_time": "2020-10-04T23:05:23.337Z", "user": "28969cee-d338-44ce-a7a1-57e6333e4bb6", "content_type": 30, "object_id": "52dd4eea-e184-4f94-85de-bdd8490d5f9d", "object_repr": "Central ESP32", "action_flag": 1, "change_message": "[{\"added\": {}}]"}}, {"model": "admin.logentry", "pk": 5, "fields": {"action_time": "2020-10-04T23:05:26.139Z", "user": "28969cee-d338-44ce-a7a1-57e6333e4bb6", "content_type": 26, "object_id": "e58ec08e-9d6e-4a73-aeb9-37509e6962ac", "object_repr": "Controller of SE Central ESP32", "action_flag": 1, "change_message": "[{\"added\": {}}]"}}, {"model": "admin.logentry", "pk": 6, "fields": {"action_time": "2020-10-04T23:06:39.141Z", "user": "28969cee-d338-44ce-a7a1-57e6333e4bb6", "content_type": 29, "object_id": "7b28a8a1-e5b4-4953-ab1f-96326aba5ef7", "object_repr": "BME280 - A", "action_flag": 1, "change_message": "[{\"added\": {}}]"}}, {"model": "admin.logentry", "pk": 7, "fields": {"action_time": "2020-10-04T23:06:56.091Z", "user": "28969cee-d338-44ce-a7a1-57e6333e4bb6", "content_type": 30, "object_id": "3e1d7e72-fd99-4c6d-87f3-31a22cfa2e9d", "object_repr": "BME280 - A", "action_flag": 1, "change_message": "[{\"added\": {}}]"}}, {"model": "admin.logentry", "pk": 8, "fields": {"action_time": "2020-10-04T23:07:01.615Z", "user": "28969cee-d338-44ce-a7a1-57e6333e4bb6", "content_type": 29, "object_id": "7b28a8a1-e5b4-4953-ab1f-96326aba5ef7", "object_repr": "BME280", "action_flag": 2, "change_message": "[{\"changed\": {\"fields\": [\"Name\"]}}]"}}, {"model": "admin.logentry", "pk": 9, "fields": {"action_time": "2020-10-04T23:07:17.763Z", "user": "28969cee-d338-44ce-a7a1-57e6333e4bb6", "content_type": 31, "object_id": "5850349f-e633-4b4e-a387-916de884e77f", "object_repr": "Peripheral of BME280 - A", "action_flag": 1, "change_message": "[{\"added\": {}}]"}}, {"model": "admin.logentry", "pk": 10, "fields": {"action_time": "2020-10-04T23:08:07.464Z", "user": "28969cee-d338-44ce-a7a1-57e6333e4bb6", "content_type": 30, "object_id": "20f5d4db-4106-42d7-973a-33d70ce65319", "object_repr": "BME280 - B", "action_flag": 1, "change_message": "[{\"added\": {}}]"}}, {"model": "admin.logentry", "pk": 11, "fields": {"action_time": "2020-10-04T23:08:21.330Z", "user": "28969cee-d338-44ce-a7a1-57e6333e4bb6", "content_type": 31, "object_id": "1d2f1624-ae11-408b-a1d4-e4ab6ee491f1", "object_repr": "Peripheral of BME280 - B", "action_flag": 1, "change_message": "[{\"added\": {}}]"}}, {"model": "admin.logentry", "pk": 12, "fields": {"action_time": "2020-10-04T23:09:54.246Z", "user": "28969cee-d338-44ce-a7a1-57e6333e4bb6", "content_type": 28, "object_id": "96dde4ea-cb9d-4fc5-8be8-0fcc7fdf4883", "object_repr": "Air pressure in Pa", "action_flag": 1, "change_message": "[{\"added\": {}}]"}}, {"model": "admin.logentry", "pk": 13, "fields": {"action_time": "2020-10-04T23:10:07.439Z", "user": "28969cee-d338-44ce-a7a1-57e6333e4bb6", "content_type": 28, "object_id": "6e32d1a9-6dc3-46d9-b618-24fd43144f7b", "object_repr": "Air temperature in °C", "action_flag": 1, "change_message": "[{\"added\": {}}]"}}, {"model": "admin.logentry", "pk": 14, "fields": {"action_time": "2020-10-04T23:10:29.532Z", "user": "28969cee-d338-44ce-a7a1-57e6333e4bb6", "content_type": 28, "object_id": "4200cdd9-2871-4d98-93aa-00bde062c400", "object_repr": "Humidity in %RH", "action_flag": 1, "change_message": "[{\"added\": {}}]"}}, {"model": "admin.logentry", "pk": 15, "fields": {"action_time": "2020-10-04T23:10:59.516Z", "user": "28969cee-d338-44ce-a7a1-57e6333e4bb6", "content_type": 32, "object_id": "2020-10-05 01:10:38+02:00", "object_repr": "101000.0 Pa from BME280 - A", "action_flag": 1, "change_message": "[{\"added\": {}}]"}}, {"model": "admin.logentry", "pk": 16, "fields": {"action_time": "2020-10-04T23:11:07.322Z", "user": "28969cee-d338-44ce-a7a1-57e6333e4bb6", "content_type": 32, "object_id": "2020-10-05 01:10:59+02:00", "object_repr": "102000.0 Pa from BME280 - A", "action_flag": 1, "change_message": "[{\"added\": {}}]"}}, {"model": "admin.logentry", "pk": 17, "fields": {"action_time": "2020-10-04T23:11:17.672Z", "user": "28969cee-d338-44ce-a7a1-57e6333e4bb6", "content_type": 32, "object_id": "2020-10-05 01:11:07+02:00", "object_repr": "100000.0 Pa from BME280 - A", "action_flag": 1, "change_message": "[{\"added\": {}}]"}}, {"model": "admin.logentry", "pk": 18, "fields": {"action_time": "2020-10-04T23:11:27.505Z", "user": "28969cee-d338-44ce-a7a1-57e6333e4bb6", "content_type": 32, "object_id": "2020-10-05 01:11:17+02:00", "object_repr": "99000.0 Pa from BME280 - A", "action_flag": 1, "change_message": "[{\"added\": {}}]"}}, {"model": "admin.logentry", "pk": 19, "fields": {"action_time": "2020-10-04T23:11:37.629Z", "user": "28969cee-d338-44ce-a7a1-57e6333e4bb6", "content_type": 32, "object_id": "2020-10-05 01:11:27+02:00", "object_repr": "97000.0 Pa from BME280 - A", "action_flag": 1, "change_message": "[{\"added\": {}}]"}}, {"model": "admin.logentry", "pk": 20, "fields": {"action_time": "2020-10-04T23:11:45.630Z", "user": "28969cee-d338-44ce-a7a1-57e6333e4bb6", "content_type": 32, "object_id": "2020-10-05 01:11:37+02:00", "object_repr": "96000.0 Pa from BME280 - A", "action_flag": 1, "change_message": "[{\"added\": {}}]"}}, {"model": "admin.logentry", "pk": 21, "fields": {"action_time": "2020-10-04T23:11:54.968Z", "user": "28969cee-d338-44ce-a7a1-57e6333e4bb6", "content_type": 32, "object_id": "2020-10-05 01:11:45+02:00", "object_repr": "96000.0 Pa from BME280 - A", "action_flag": 1, "change_message": "[{\"added\": {}}]"}}, {"model": "admin.logentry", "pk": 22, "fields": {"action_time": "2020-10-04T23:12:05.148Z", "user": "28969cee-d338-44ce-a7a1-57e6333e4bb6", "content_type": 32, "object_id": "2020-10-05 01:11:55+02:00", "object_repr": "95000.0 Pa from BME280 - A", "action_flag": 1, "change_message": "[{\"added\": {}}]"}}, {"model": "admin.logentry", "pk": 23, "fields": {"action_time": "2020-10-04T23:17:59.486Z", "user": "28969cee-d338-44ce-a7a1-57e6333e4bb6", "content_type": 32, "object_id": "2020-10-05 01:10:38.001000+02:00", "object_repr": "30.0 °C from BME280 - A", "action_flag": 1, "change_message": "[{\"added\": {}}]"}}, {"model": "admin.logentry", "pk": 24, "fields": {"action_time": "2020-10-04T23:18:45.175Z", "user": "28969cee-d338-44ce-a7a1-57e6333e4bb6", "content_type": 32, "object_id": "2020-10-05 01:10:59.001000+02:00", "object_repr": "31.0 °C from BME280 - A", "action_flag": 1, "change_message": "[{\"added\": {}}]"}}, {"model": "admin.logentry", "pk": 25, "fields": {"action_time": "2020-10-04T23:19:22.483Z", "user": "28969cee-d338-44ce-a7a1-57e6333e4bb6", "content_type": 32, "object_id": "2020-10-05 01:11:07.001000+02:00", "object_repr": "25.0 °C from BME280 - A", "action_flag": 1, "change_message": "[{\"added\": {}}]"}}, {"model": "admin.logentry", "pk": 26, "fields": {"action_time": "2020-10-04T23:19:47.308Z", "user": "28969cee-d338-44ce-a7a1-57e6333e4bb6", "content_type": 32, "object_id": "2020-10-05 01:11:17.001000+02:00", "object_repr": "24.0 °C from BME280 - A", "action_flag": 1, "change_message": "[{\"added\": {}}]"}}, {"model": "admin.logentry", "pk": 27, "fields": {"action_time": "2020-10-04T23:20:07.411Z", "user": "28969cee-d338-44ce-a7a1-57e6333e4bb6", "content_type": 32, "object_id": "2020-10-05 01:11:27.000100+02:00", "object_repr": "24.0 °C from BME280 - A", "action_flag": 1, "change_message": "[{\"added\": {}}]"}}, {"model": "admin.logentry", "pk": 28, "fields": {"action_time": "2020-10-04T23:20:26.045Z", "user": "28969cee-d338-44ce-a7a1-57e6333e4bb6", "content_type": 32, "object_id": "2020-10-05 01:11:37.001000+02:00", "object_repr": "23.0 °C from BME280 - A", "action_flag": 1, "change_message": "[{\"added\": {}}]"}}, {"model": "admin.logentry", "pk": 29, "fields": {"action_time": "2020-10-04T23:20:43.798Z", "user": "28969cee-d338-44ce-a7a1-57e6333e4bb6", "content_type": 32, "object_id": "2020-10-05 01:11:45.000100+02:00", "object_repr": "23.0 °C from BME280 - A", "action_flag": 1, "change_message": "[{\"added\": {}}]"}}, {"model": "admin.logentry", "pk": 30, "fields": {"action_time": "2020-10-04T23:21:14.581Z", "user": "28969cee-d338-44ce-a7a1-57e6333e4bb6", "content_type": 32, "object_id": "2020-10-05 01:11:55.001000+02:00", "object_repr": "22.0 °C from BME280 - A", "action_flag": 1, "change_message": "[{\"added\": {}}]"}}, {"model": "admin.logentry", "pk": 31, "fields": {"action_time": "2020-10-04T23:22:16.571Z", "user": "28969cee-d338-44ce-a7a1-57e6333e4bb6", "content_type": 32, "object_id": "2020-10-05 01:10:38.002000+02:00", "object_repr": "30.0 %RH from BME280 - A", "action_flag": 1, "change_message": "[{\"added\": {}}]"}}, {"model": "admin.logentry", "pk": 32, "fields": {"action_time": "2020-10-04T23:22:39.190Z", "user": "28969cee-d338-44ce-a7a1-57e6333e4bb6", "content_type": 32, "object_id": "2020-10-05 01:10:59.002000+02:00", "object_repr": "29.0 %RH from BME280 - A", "action_flag": 1, "change_message": "[{\"added\": {}}]"}}, {"model": "admin.logentry", "pk": 33, "fields": {"action_time": "2020-10-04T23:23:08.692Z", "user": "28969cee-d338-44ce-a7a1-57e6333e4bb6", "content_type": 32, "object_id": "2020-10-05 01:11:07.002000+02:00", "object_repr": "31.0 %RH from BME280 - A", "action_flag": 1, "change_message": "[{\"added\": {}}]"}}, {"model": "admin.logentry", "pk": 34, "fields": {"action_time": "2020-10-04T23:23:31.002Z", "user": "28969cee-d338-44ce-a7a1-57e6333e4bb6", "content_type": 32, "object_id": "2020-10-05 01:11:17.002000+02:00", "object_repr": "30.0 %RH from BME280 - A", "action_flag": 1, "change_message": "[{\"added\": {}}]"}}, {"model": "admin.logentry", "pk": 35, "fields": {"action_time": "2020-10-04T23:23:50.014Z", "user": "28969cee-d338-44ce-a7a1-57e6333e4bb6", "content_type": 32, "object_id": "2020-10-05 01:11:27.000200+02:00", "object_repr": "30.0 %RH from BME280 - A", "action_flag": 1, "change_message": "[{\"added\": {}}]"}}, {"model": "admin.logentry", "pk": 36, "fields": {"action_time": "2020-10-04T23:24:25.092Z", "user": "28969cee-d338-44ce-a7a1-57e6333e4bb6", "content_type": 32, "object_id": "2020-10-05 01:11:37.002000+02:00", "object_repr": "53.0 %RH from BME280 - A", "action_flag": 1, "change_message": "[{\"added\": {}}]"}}, {"model": "admin.logentry", "pk": 37, "fields": {"action_time": "2020-10-04T23:24:49.315Z", "user": "28969cee-d338-44ce-a7a1-57e6333e4bb6", "content_type": 32, "object_id": "2020-10-05 01:11:45.000200+02:00", "object_repr": "56.0 %RH from BME280 - A", "action_flag": 1, "change_message": "[{\"added\": {}}]"}}, {"model": "admin.logentry", "pk": 38, "fields": {"action_time": "2020-10-04T23:25:11.216Z", "user": "28969cee-d338-44ce-a7a1-57e6333e4bb6", "content_type": 32, "object_id": "2020-10-05 01:11:55.002000+02:00", "object_repr": "55.0 %RH from BME280 - A", "action_flag": 1, "change_message": "[{\"added\": {}}]"}}, {"model": "admin.logentry", "pk": 39, "fields": {"action_time": "2020-10-11T21:56:48.832Z", "user": "28969cee-d338-44ce-a7a1-57e6333e4bb6", "content_type": 33, "object_id": "0b8eb0f583b264bbe9dda31d003140b79e740577", "object_repr": "0b8eb0f583b264bbe9dda31d003140b79e740577", "action_flag": 1, "change_message": "[{\"added\": {}}]"}}, {"model": "auth.permission", "pk": 1, "fields": {"name": "Can add log entry", "content_type": 1, "codename": "add_logentry"}}, {"model": "auth.permission", "pk": 2, "fields": {"name": "Can change log entry", "content_type": 1, "codename": "change_logentry"}}, {"model": "auth.permission", "pk": 3, "fields": {"name": "Can delete log entry", "content_type": 1, "codename": "delete_logentry"}}, {"model": "auth.permission", "pk": 4, "fields": {"name": "Can view log entry", "content_type": 1, "codename": "view_logentry"}}, {"model": "auth.permission", "pk": 5, "fields": {"name": "Can add permission", "content_type": 2, "codename": "add_permission"}}, {"model": "auth.permission", "pk": 6, "fields": {"name": "Can change permission", "content_type": 2, "codename": "change_permission"}}, {"model": "auth.permission", "pk": 7, "fields": {"name": "Can delete permission", "content_type": 2, "codename": "delete_permission"}}, {"model": "auth.permission", "pk": 8, "fields": {"name": "Can view permission", "content_type": 2, "codename": "view_permission"}}, {"model": "auth.permission", "pk": 9, "fields": {"name": "Can add group", "content_type": 3, "codename": "add_group"}}, {"model": "auth.permission", "pk": 10, "fields": {"name": "Can change group", "content_type": 3, "codename": "change_group"}}, {"model": "auth.permission", "pk": 11, "fields": {"name": "Can delete group", "content_type": 3, "codename": "delete_group"}}, {"model": "auth.permission", "pk": 12, "fields": {"name": "Can view group", "content_type": 3, "codename": "view_group"}}, {"model": "auth.permission", "pk": 13, "fields": {"name": "Can add content type", "content_type": 4, "codename": "add_contenttype"}}, {"model": "auth.permission", "pk": 14, "fields": {"name": "Can change content type", "content_type": 4, "codename": "change_contenttype"}}, {"model": "auth.permission", "pk": 15, "fields": {"name": "Can delete content type", "content_type": 4, "codename": "delete_contenttype"}}, {"model": "auth.permission", "pk": 16, "fields": {"name": "Can view content type", "content_type": 4, "codename": "view_contenttype"}}, {"model": "auth.permission", "pk": 17, "fields": {"name": "Can add session", "content_type": 5, "codename": "add_session"}}, {"model": "auth.permission", "pk": 18, "fields": {"name": "Can change session", "content_type": 5, "codename": "change_session"}}, {"model": "auth.permission", "pk": 19, "fields": {"name": "Can delete session", "content_type": 5, "codename": "delete_session"}}, {"model": "auth.permission", "pk": 20, "fields": {"name": "Can view session", "content_type": 5, "codename": "view_session"}}, {"model": "auth.permission", "pk": 21, "fields": {"name": "Can add application", "content_type": 6, "codename": "add_application"}}, {"model": "auth.permission", "pk": 22, "fields": {"name": "Can change application", "content_type": 6, "codename": "change_application"}}, {"model": "auth.permission", "pk": 23, "fields": {"name": "Can delete application", "content_type": 6, "codename": "delete_application"}}, {"model": "auth.permission", "pk": 24, "fields": {"name": "Can view application", "content_type": 6, "codename": "view_application"}}, {"model": "auth.permission", "pk": 25, "fields": {"name": "Can add access token", "content_type": 7, "codename": "add_accesstoken"}}, {"model": "auth.permission", "pk": 26, "fields": {"name": "Can change access token", "content_type": 7, "codename": "change_accesstoken"}}, {"model": "auth.permission", "pk": 27, "fields": {"name": "Can delete access token", "content_type": 7, "codename": "delete_accesstoken"}}, {"model": "auth.permission", "pk": 28, "fields": {"name": "Can view access token", "content_type": 7, "codename": "view_accesstoken"}}, {"model": "auth.permission", "pk": 29, "fields": {"name": "Can add grant", "content_type": 8, "codename": "add_grant"}}, {"model": "auth.permission", "pk": 30, "fields": {"name": "Can change grant", "content_type": 8, "codename": "change_grant"}}, {"model": "auth.permission", "pk": 31, "fields": {"name": "Can delete grant", "content_type": 8, "codename": "delete_grant"}}, {"model": "auth.permission", "pk": 32, "fields": {"name": "Can view grant", "content_type": 8, "codename": "view_grant"}}, {"model": "auth.permission", "pk": 33, "fields": {"name": "Can add refresh token", "content_type": 9, "codename": "add_refreshtoken"}}, {"model": "auth.permission", "pk": 34, "fields": {"name": "Can change refresh token", "content_type": 9, "codename": "change_refreshtoken"}}, {"model": "auth.permission", "pk": 35, "fields": {"name": "Can delete refresh token", "content_type": 9, "codename": "delete_refreshtoken"}}, {"model": "auth.permission", "pk": 36, "fields": {"name": "Can view refresh token", "content_type": 9, "codename": "view_refreshtoken"}}, {"model": "auth.permission", "pk": 37, "fields": {"name": "Can add Token", "content_type": 10, "codename": "add_token"}}, {"model": "auth.permission", "pk": 38, "fields": {"name": "Can change Token", "content_type": 10, "codename": "change_token"}}, {"model": "auth.permission", "pk": 39, "fields": {"name": "Can delete Token", "content_type": 10, "codename": "delete_token"}}, {"model": "auth.permission", "pk": 40, "fields": {"name": "Can view Token", "content_type": 10, "codename": "view_token"}}, {"model": "auth.permission", "pk": 41, "fields": {"name": "Can add token", "content_type": 11, "codename": "add_tokenproxy"}}, {"model": "auth.permission", "pk": 42, "fields": {"name": "Can change token", "content_type": 11, "codename": "change_tokenproxy"}}, {"model": "auth.permission", "pk": 43, "fields": {"name": "Can delete token", "content_type": 11, "codename": "delete_tokenproxy"}}, {"model": "auth.permission", "pk": 44, "fields": {"name": "Can view token", "content_type": 11, "codename": "view_tokenproxy"}}, {"model": "auth.permission", "pk": 45, "fields": {"name": "Can add address", "content_type": 12, "codename": "add_address"}}, {"model": "auth.permission", "pk": 46, "fields": {"name": "Can change address", "content_type": 12, "codename": "change_address"}}, {"model": "auth.permission", "pk": 47, "fields": {"name": "Can delete address", "content_type": 12, "codename": "delete_address"}}, {"model": "auth.permission", "pk": 48, "fields": {"name": "Can view address", "content_type": 12, "codename": "view_address"}}, {"model": "auth.permission", "pk": 49, "fields": {"name": "Can add country", "content_type": 13, "codename": "add_country"}}, {"model": "auth.permission", "pk": 50, "fields": {"name": "Can change country", "content_type": 13, "codename": "change_country"}}, {"model": "auth.permission", "pk": 51, "fields": {"name": "Can delete country", "content_type": 13, "codename": "delete_country"}}, {"model": "auth.permission", "pk": 52, "fields": {"name": "Can view country", "content_type": 13, "codename": "view_country"}}, {"model": "auth.permission", "pk": 53, "fields": {"name": "Can add locality", "content_type": 14, "codename": "add_locality"}}, {"model": "auth.permission", "pk": 54, "fields": {"name": "Can change locality", "content_type": 14, "codename": "change_locality"}}, {"model": "auth.permission", "pk": 55, "fields": {"name": "Can delete locality", "content_type": 14, "codename": "delete_locality"}}, {"model": "auth.permission", "pk": 56, "fields": {"name": "Can view locality", "content_type": 14, "codename": "view_locality"}}, {"model": "auth.permission", "pk": 57, "fields": {"name": "Can add state", "content_type": 15, "codename": "add_state"}}, {"model": "auth.permission", "pk": 58, "fields": {"name": "Can change state", "content_type": 15, "codename": "change_state"}}, {"model": "auth.permission", "pk": 59, "fields": {"name": "Can delete state", "content_type": 15, "codename": "delete_state"}}, {"model": "auth.permission", "pk": 60, "fields": {"name": "Can view state", "content_type": 15, "codename": "view_state"}}, {"model": "auth.permission", "pk": 61, "fields": {"name": "Can add task result", "content_type": 16, "codename": "add_taskresult"}}, {"model": "auth.permission", "pk": 62, "fields": {"name": "Can change task result", "content_type": 16, "codename": "change_taskresult"}}, {"model": "auth.permission", "pk": 63, "fields": {"name": "Can delete task result", "content_type": 16, "codename": "delete_taskresult"}}, {"model": "auth.permission", "pk": 64, "fields": {"name": "Can view task result", "content_type": 16, "codename": "view_taskresult"}}, {"model": "auth.permission", "pk": 65, "fields": {"name": "Can add user", "content_type": 17, "codename": "add_user"}}, {"model": "auth.permission", "pk": 66, "fields": {"name": "Can change user", "content_type": 17, "codename": "change_user"}}, {"model": "auth.permission", "pk": 67, "fields": {"name": "Can delete user", "content_type": 17, "codename": "delete_user"}}, {"model": "auth.permission", "pk": 68, "fields": {"name": "Can view user", "content_type": 17, "codename": "view_user"}}, {"model": "auth.permission", "pk": 69, "fields": {"name": "Can add profile", "content_type": 18, "codename": "add_profile"}}, {"model": "auth.permission", "pk": 70, "fields": {"name": "Can change profile", "content_type": 18, "codename": "change_profile"}}, {"model": "auth.permission", "pk": 71, "fields": {"name": "Can delete profile", "content_type": 18, "codename": "delete_profile"}}, {"model": "auth.permission", "pk": 72, "fields": {"name": "Can view profile", "content_type": 18, "codename": "view_profile"}}, {"model": "auth.permission", "pk": 73, "fields": {"name": "Can add controller", "content_type": 19, "codename": "add_controller"}}, {"model": "auth.permission", "pk": 74, "fields": {"name": "Can change controller", "content_type": 19, "codename": "change_controller"}}, {"model": "auth.permission", "pk": 75, "fields": {"name": "Can delete controller", "content_type": 19, "codename": "delete_controller"}}, {"model": "auth.permission", "pk": 76, "fields": {"name": "Can view controller", "content_type": 19, "codename": "view_controller"}}, {"model": "auth.permission", "pk": 77, "fields": {"name": "Can add coordinator", "content_type": 20, "codename": "add_coordinator"}}, {"model": "auth.permission", "pk": 78, "fields": {"name": "Can change coordinator", "content_type": 20, "codename": "change_coordinator"}}, {"model": "auth.permission", "pk": 79, "fields": {"name": "Can delete coordinator", "content_type": 20, "codename": "delete_coordinator"}}, {"model": "auth.permission", "pk": 80, "fields": {"name": "Can view coordinator", "content_type": 20, "codename": "view_coordinator"}}, {"model": "auth.permission", "pk": 81, "fields": {"name": "Can add site", "content_type": 21, "codename": "add_site"}}, {"model": "auth.permission", "pk": 82, "fields": {"name": "Can change site", "content_type": 21, "codename": "change_site"}}, {"model": "auth.permission", "pk": 83, "fields": {"name": "Can delete site", "content_type": 21, "codename": "delete_site"}}, {"model": "auth.permission", "pk": 84, "fields": {"name": "Can view site", "content_type": 21, "codename": "view_site"}}, {"model": "auth.permission", "pk": 85, "fields": {"name": "Can add mqtt message", "content_type": 22, "codename": "add_mqttmessage"}}, {"model": "auth.permission", "pk": 86, "fields": {"name": "Can change mqtt message", "content_type": 22, "codename": "change_mqttmessage"}}, {"model": "auth.permission", "pk": 87, "fields": {"name": "Can delete mqtt message", "content_type": 22, "codename": "delete_mqttmessage"}}, {"model": "auth.permission", "pk": 88, "fields": {"name": "Can view mqtt message", "content_type": 22, "codename": "view_mqttmessage"}}, {"model": "auth.permission", "pk": 89, "fields": {"name": "Can add hydroponic system", "content_type": 23, "codename": "add_hydroponicsystem"}}, {"model": "auth.permission", "pk": 90, "fields": {"name": "Can change hydroponic system", "content_type": 23, "codename": "change_hydroponicsystem"}}, {"model": "auth.permission", "pk": 91, "fields": {"name": "Can delete hydroponic system", "content_type": 23, "codename": "delete_hydroponicsystem"}}, {"model": "auth.permission", "pk": 92, "fields": {"name": "Can view hydroponic system", "content_type": 23, "codename": "view_hydroponicsystem"}}, {"model": "auth.permission", "pk": 93, "fields": {"name": "Can add controller message", "content_type": 24, "codename": "add_controllermessage"}}, {"model": "auth.permission", "pk": 94, "fields": {"name": "Can change controller message", "content_type": 24, "codename": "change_controllermessage"}}, {"model": "auth.permission", "pk": 95, "fields": {"name": "Can delete controller message", "content_type": 24, "codename": "delete_controllermessage"}}, {"model": "auth.permission", "pk": 96, "fields": {"name": "Can view controller message", "content_type": 24, "codename": "view_controllermessage"}}, {"model": "auth.permission", "pk": 97, "fields": {"name": "Can add controller token", "content_type": 25, "codename": "add_controllertoken"}}, {"model": "auth.permission", "pk": 98, "fields": {"name": "Can change controller token", "content_type": 25, "codename": "change_controllertoken"}}, {"model": "auth.permission", "pk": 99, "fields": {"name": "Can delete controller token", "content_type": 25, "codename": "delete_controllertoken"}}, {"model": "auth.permission", "pk": 100, "fields": {"name": "Can view controller token", "content_type": 25, "codename": "view_controllertoken"}}, {"model": "auth.permission", "pk": 101, "fields": {"name": "Can add controller component", "content_type": 26, "codename": "add_controllercomponent"}}, {"model": "auth.permission", "pk": 102, "fields": {"name": "Can change controller component", "content_type": 26, "codename": "change_controllercomponent"}}, {"model": "auth.permission", "pk": 103, "fields": {"name": "Can delete controller component", "content_type": 26, "codename": "delete_controllercomponent"}}, {"model": "auth.permission", "pk": 104, "fields": {"name": "Can view controller component", "content_type": 26, "codename": "view_controllercomponent"}}, {"model": "auth.permission", "pk": 105, "fields": {"name": "Can add controller component type", "content_type": 27, "codename": "add_controllercomponenttype"}}, {"model": "auth.permission", "pk": 106, "fields": {"name": "Can change controller component type", "content_type": 27, "codename": "change_controllercomponenttype"}}, {"model": "auth.permission", "pk": 107, "fields": {"name": "Can delete controller component type", "content_type": 27, "codename": "delete_controllercomponenttype"}}, {"model": "auth.permission", "pk": 108, "fields": {"name": "Can view controller component type", "content_type": 27, "codename": "view_controllercomponenttype"}}, {"model": "auth.permission", "pk": 109, "fields": {"name": "Can add data point type", "content_type": 28, "codename": "add_datapointtype"}}, {"model": "auth.permission", "pk": 110, "fields": {"name": "Can change data point type", "content_type": 28, "codename": "change_datapointtype"}}, {"model": "auth.permission", "pk": 111, "fields": {"name": "Can delete data point type", "content_type": 28, "codename": "delete_datapointtype"}}, {"model": "auth.permission", "pk": 112, "fields": {"name": "Can view data point type", "content_type": 28, "codename": "view_datapointtype"}}, {"model": "auth.permission", "pk": 113, "fields": {"name": "Can add peripheral component type", "content_type": 29, "codename": "add_peripheralcomponenttype"}}, {"model": "auth.permission", "pk": 114, "fields": {"name": "Can change peripheral component type", "content_type": 29, "codename": "change_peripheralcomponenttype"}}, {"model": "auth.permission", "pk": 115, "fields": {"name": "Can delete peripheral component type", "content_type": 29, "codename": "delete_peripheralcomponenttype"}}, {"model": "auth.permission", "pk": 116, "fields": {"name": "Can view peripheral component type", "content_type": 29, "codename": "view_peripheralcomponenttype"}}, {"model": "auth.permission", "pk": 117, "fields": {"name": "Can add site entity", "content_type": 30, "codename": "add_siteentity"}}, {"model": "auth.permission", "pk": 118, "fields": {"name": "Can change site entity", "content_type": 30, "codename": "change_siteentity"}}, {"model": "auth.permission", "pk": 119, "fields": {"name": "Can delete site entity", "content_type": 30, "codename": "delete_siteentity"}}, {"model": "auth.permission", "pk": 120, "fields": {"name": "Can view site entity", "content_type": 30, "codename": "view_siteentity"}}, {"model": "auth.permission", "pk": 121, "fields": {"name": "Can add peripheral component", "content_type": 31, "codename": "add_peripheralcomponent"}}, {"model": "auth.permission", "pk": 122, "fields": {"name": "Can change peripheral component", "content_type": 31, "codename": "change_peripheralcomponent"}}, {"model": "auth.permission", "pk": 123, "fields": {"name": "Can delete peripheral component", "content_type": 31, "codename": "delete_peripheralcomponent"}}, {"model": "auth.permission", "pk": 124, "fields": {"name": "Can view peripheral component", "content_type": 31, "codename": "view_peripheralcomponent"}}, {"model": "auth.permission", "pk": 125, "fields": {"name": "Can add data point", "content_type": 32, "codename": "add_datapoint"}}, {"model": "auth.permission", "pk": 126, "fields": {"name": "Can change data point", "content_type": 32, "codename": "change_datapoint"}}, {"model": "auth.permission", "pk": 127, "fields": {"name": "Can delete data point", "content_type": 32, "codename": "delete_datapoint"}}, {"model": "auth.permission", "pk": 128, "fields": {"name": "Can view data point", "content_type": 32, "codename": "view_datapoint"}}, {"model": "auth.permission", "pk": 129, "fields": {"name": "Can add controller auth token", "content_type": 33, "codename": "add_controllerauthtoken"}}, {"model": "auth.permission", "pk": 130, "fields": {"name": "Can change controller auth token", "content_type": 33, "codename": "change_controllerauthtoken"}}, {"model": "auth.permission", "pk": 131, "fields": {"name": "Can delete controller auth token", "content_type": 33, "codename": "delete_controllerauthtoken"}}, {"model": "auth.permission", "pk": 132, "fields": {"name": "Can view controller auth token", "content_type": 33, "codename": "view_controllerauthtoken"}}, {"model": "contenttypes.contenttype", "pk": 1, "fields": {"app_label": "admin", "model": "logentry"}}, {"model": "contenttypes.contenttype", "pk": 2, "fields": {"app_label": "auth", "model": "permission"}}, {"model": "contenttypes.contenttype", "pk": 3, "fields": {"app_label": "auth", "model": "group"}}, {"model": "contenttypes.contenttype", "pk": 4, "fields": {"app_label": "contenttypes", "model": "contenttype"}}, {"model": "contenttypes.contenttype", "pk": 5, "fields": {"app_label": "sessions", "model": "session"}}, {"model": "contenttypes.contenttype", "pk": 6, "fields": {"app_label": "oauth2_provider", "model": "application"}}, {"model": "contenttypes.contenttype", "pk": 7, "fields": {"app_label": "oauth2_provider", "model": "accesstoken"}}, {"model": "contenttypes.contenttype", "pk": 8, "fields": {"app_label": "oauth2_provider", "model": "grant"}}, {"model": "contenttypes.contenttype", "pk": 9, "fields": {"app_label": "oauth2_provider", "model": "refreshtoken"}}, {"model": "contenttypes.contenttype", "pk": 10, "fields": {"app_label": "authtoken", "model": "token"}}, {"model": "contenttypes.contenttype", "pk": 11, "fields": {"app_label": "authtoken", "model": "tokenproxy"}}, {"model": "contenttypes.contenttype", "pk": 12, "fields": {"app_label": "address", "model": "address"}}, {"model": "contenttypes.contenttype", "pk": 13, "fields": {"app_label": "address", "model": "country"}}, {"model": "contenttypes.contenttype", "pk": 14, "fields": {"app_label": "address", "model": "locality"}}, {"model": "contenttypes.contenttype", "pk": 15, "fields": {"app_label": "address", "model": "state"}}, {"model": "contenttypes.contenttype", "pk": 16, "fields": {"app_label": "django_celery_results", "model": "taskresult"}}, {"model": "contenttypes.contenttype", "pk": 17, "fields": {"app_label": "accounts", "model": "user"}}, {"model": "contenttypes.contenttype", "pk": 18, "fields": {"app_label": "accounts", "model": "profile"}}, {"model": "contenttypes.contenttype", "pk": 19, "fields": {"app_label": "farms", "model": "controller"}}, {"model": "contenttypes.contenttype", "pk": 20, "fields": {"app_label": "farms", "model": "coordinator"}}, {"model": "contenttypes.contenttype", "pk": 21, "fields": {"app_label": "farms", "model": "site"}}, {"model": "contenttypes.contenttype", "pk": 22, "fields": {"app_label": "farms", "model": "mqttmessage"}}, {"model": "contenttypes.contenttype", "pk": 23, "fields": {"app_label": "farms", "model": "hydroponicsystem"}}, {"model": "contenttypes.contenttype", "pk": 24, "fields": {"app_label": "farms", "model": "controllermessage"}}, {"model": "contenttypes.contenttype", "pk": 25, "fields": {"app_label": "farms", "model": "controllertoken"}}, {"model": "contenttypes.contenttype", "pk": 26, "fields": {"app_label": "farms", "model": "controllercomponent"}}, {"model": "contenttypes.contenttype", "pk": 27, "fields": {"app_label": "farms", "model": "controllercomponenttype"}}, {"model": "contenttypes.contenttype", "pk": 28, "fields": {"app_label": "farms", "model": "datapointtype"}}, {"model": "contenttypes.contenttype", "pk": 29, "fields": {"app_label": "farms", "model": "peripheralcomponenttype"}}, {"model": "contenttypes.contenttype", "pk": 30, "fields": {"app_label": "farms", "model": "siteentity"}}, {"model": "contenttypes.contenttype", "pk": 31, "fields": {"app_label": "farms", "model": "peripheralcomponent"}}, {"model": "contenttypes.contenttype", "pk": 32, "fields": {"app_label": "farms", "model": "datapoint"}}, {"model": "contenttypes.contenttype", "pk": 33, "fields": {"app_label": "farms", "model": "controllerauthtoken"}}, {"model": "sessions.session", "pk": "0jtyjnsqkkdt9fpgihism0rq7fp3os9a", "fields": {"session_data": ".eJxVjDkOgzAUBe_iOraMN-yU9DkD-huBJAKJpYpy94BEkXRPmpn3Vi1sa99ui8ztwOqqXC6pkIhm77MOgURDDZWOtSTvvQTEpC6_GQI9ZTxafsB4nwxN4zoPaA7FnHQxt4nl1Zzu30EPS7_XxMBFvLXZExcn4LKVhKHEjjkLxn1El0ggVVmACFE6gIBgUygdqc8XLq1DAg:1kW1OJ:urxklXuIQaZz5nft3a7juepYpPDSdIuSolsQPaYjRl4", "expire_date": "2020-11-06T18:02:15.125Z"}}, {"model": "sessions.session", "pk": "5eowo2spia8edhle9m254soh412d07z9", "fields": {"session_data": ".eJxVjDkOgzAUBe_iOraMN-yU9DkD-huBJAKJpYpy94BEkXRPmpn3Vi1sa99ui8ztwOqqXC6pkIhm77MOgURDDZWOtSTvvQTEpC6_GQI9ZTxafsB4nwxN4zoPaA7FnHQxt4nl1Zzu30EPS7_XxMBFvLXZExcn4LKVhKHEjjkLxn1El0ggVVmACFE6gIBgUygdqc8XLq1DAg:1kPCxr:BpElkGjyP_6CLXWZOe-OyHvmbYmv6XxKW2PYP0eTjQ8", "expire_date": "2020-10-18T22:58:47.445Z"}}, {"model": "sessions.session", "pk": "8e8ygk57ikcvexlyy79l6u0mm6u1jnv2", "fields": {"session_data": ".eJxVjDkOgzAUBe_iOraMN-yU9DkD-huBJAKJpYpy94BEkXRPmpn3Vi1sa99ui8ztwOqqXC6pkIhm77MOgURDDZWOtSTvvQTEpC6_GQI9ZTxafsB4nwxN4zoPaA7FnHQxt4nl1Zzu30EPS7_XxMBFvLXZExcn4LKVhKHEjjkLxn1El0ggVVmACFE6gIBgUygdqc8XLq1DAg:1kRjK7:ZcrokNDKEfMfZKP2DB23iwk8qEoD4mfB_gEFKu7lmNM", "expire_date": "2020-10-25T21:56:11.178Z"}}, {"model": "oauth2_provider.application", "pk": 1, "fields": {"client_id": "LHigbQpccy8nCme8pVf4fY0og94YhYprmm3pQz0m", "user": "28969cee-d338-44ce-a7a1-57e6333e4bb6", "redirect_uris": "https://oauth.pstmn.io/v1/callback", "client_type": "confidential", "authorization_grant_type": "authorization-code", "client_secret": "amS6mWivasssNpwBZZncviexJHRWhWpZx4em0eLri54ilB28zFEjhoi3duQVPRrb6oV5GjgI36RRktRY0uMYOsPMLqf5XMjpzCQkUB8lKSRGizZsJi0ZA1uINbW0UdfS", "name": "Postman Client", "skip_authorization": false, "created": "2020-10-23T18:02:57.251Z", "updated": "2020-10-23T18:02:57.251Z"}}, {"model": "address.address", "pk": 1, "fields": {"street_number": "", "route": "", "locality": null, "raw": "Rebenring 31, Braunschweig", "formatted": "Rebenring 31, Braunschweig", "latitude": null, "longitude": null}}, {"model": "accounts.user", "pk": "28969cee-d338-44ce-a7a1-57e6333e4bb6", "fields": {"password": "pbkdf2_sha256$216000$A3EBg9QJ1DSB$ySWnAEgYhge4hWzlOX89oyo0pNFF43K2EGfCDR+geVg=", "last_login": "2020-10-23T18:02:15.118Z", "is_superuser": true, "email": "moritz.ulmer@posteo.de", "is_staff": true, "is_active": true, "groups": [], "user_permissions": []}}, {"model": "accounts.profile", "pk": "28969cee-d338-44ce-a7a1-57e6333e4bb6", "fields": {"short_name": "", "full_name": "", "date_joined": "2020-10-04T22:17:28.178Z"}}, {"model": "farms.site", "pk": "7bf7fa66-555e-47d3-8b79-b040eaa05ac5", "fields": {"name": "Protohaus Makerspace", "owner": "28969cee-d338-44ce-a7a1-57e6333e4bb6", "address": 1, "created_at": "2020-10-04T23:02:05.310Z", "modified_at": "2020-10-04T23:02:05.310Z"}}, {"model": "farms.site", "pk": "fa63511d-9a30-410d-8a2a-5f72e56a2072", "fields": {"name": "Protohaus Gewächshaus", "owner": "28969cee-d338-44ce-a7a1-57e6333e4bb6", "address": 1, "created_at": "2020-10-04T23:01:48.487Z", "modified_at": "2020-10-04T23:01:48.487Z"}}, {"model": "farms.siteentity", "pk": "20f5d4db-4106-42d7-973a-33d70ce65319", "fields": {"site": "fa63511d-9a30-410d-8a2a-5f72e56a2072", "name": "BME280 - B", "created_at": "2020-10-04T23:08:07.464Z", "modified_at": "2020-10-04T23:08:07.464Z"}}, {"model": "farms.siteentity", "pk": "3e1d7e72-fd99-4c6d-87f3-31a22cfa2e9d", "fields": {"site": "fa63511d-9a30-410d-8a2a-5f72e56a2072", "name": "BME280 - A", "created_at": "2020-10-04T23:06:56.090Z", "modified_at": "2020-10-04T23:06:56.090Z"}}, {"model": "farms.siteentity", "pk": "52dd4eea-e184-4f94-85de-bdd8490d5f9d", "fields": {"site": "fa63511d-9a30-410d-8a2a-5f72e56a2072", "name": "Central ESP32", "created_at": "2020-10-04T23:05:23.334Z", "modified_at": "2020-10-04T23:05:23.334Z"}}, {"model": "farms.controllercomponenttype", "pk": "e81a35c7-99d8-4abb-baaa-684af6a39ba8", "fields": {"name": "ESP32", "created_at": "2020-10-04T23:04:07.700Z", "modified_at": "2020-10-04T23:04:07.700Z"}}, {"model": "farms.controllercomponent", "pk": "e58ec08e-9d6e-4a73-aeb9-37509e6962ac", "fields": {"component_type": "e81a35c7-99d8-4abb-baaa-684af6a39ba8", "site_entity": "52dd4eea-e184-4f94-85de-bdd8490d5f9d", "channel_name": "specific.5e9e9446948b4a2d90edda7e033692ce!f7342361594d4d199aece50694f48f03", "created_at": "2020-10-04T23:05:26.139Z", "modified_at": "2020-10-23T18:01:49.333Z"}}, {"model": "farms.controllerauthtoken", "pk": "0b8eb0f583b264bbe9dda31d003140b79e740577", "fields": {"controller": "e58ec08e-9d6e-4a73-aeb9-37509e6962ac", "created_at": "2020-10-11T21:56:48.831Z"}}, {"model": "farms.controllermessage", "pk": 1, "fields": {"created_at": "2020-10-23T18:01:49.419Z", "controller": "e58ec08e-9d6e-4a73-aeb9-37509e6962ac", "message": {"type": "reg", "task_names": ["AlertSensor", "DummyTask", "PollSensor", "ReadSensor", "SetLight", "WriteActuator"], "peripheral_names": ["BME280", "CapacitiveSensor", "DummyPeripheral", "I2CAdapter", "InvalidPeripheral", "LED", "NeoPixel"]}}}, {"model": "farms.controllermessage", "pk": 2, "fields": {"created_at": "2020-10-23T18:01:49.432Z", "controller": "e58ec08e-9d6e-4a73-aeb9-37509e6962ac", "message": {"name": "system_monitor", "type": "tel", "wifi_rssi": -49, "least_free_bytes": 183092, "free_memory_bytes": 184444, "productive_percent": 99.4, "heap_fragmentation_percent": 38.30539}}}, {"model": "farms.controllermessage", "pk": 3, "fields": {"created_at": "2020-10-23T18:02:49.441Z", "controller": "e58ec08e-9d6e-4a73-aeb9-37509e6962ac", "message": {"name": "system_monitor", "type": "tel", "wifi_rssi": -49, "least_free_bytes": 180660, "free_memory_bytes": 186088, "productive_percent": 93.04819, "heap_fragmentation_percent": 38.85044}}}, {"model": "farms.peripheralcomponenttype", "pk": "7b28a8a1-e5b4-4953-ab1f-96326aba5ef7", "fields": {"name": "BME280", "created_at": "2020-10-04T23:06:39.139Z", "modified_at": "2020-10-04T23:07:01.613Z"}}, {"model": "farms.peripheralcomponent", "pk": "1d2f1624-ae11-408b-a1d4-e4ab6ee491f1", "fields": {"component_type": "7b28a8a1-e5b4-4953-ab1f-96326aba5ef7", "site_entity": "20f5d4db-4106-42d7-973a-33d70ce65319", "controller_component": "e58ec08e-9d6e-4a73-aeb9-37509e6962ac", "config": {"some": "other data"}, "created_at": "2020-10-04T23:08:21.330Z", "modified_at": "2020-10-04T23:08:21.330Z"}}, {"model": "farms.peripheralcomponent", "pk": "5850349f-e633-4b4e-a387-916de884e77f", "fields": {"component_type": "7b28a8a1-e5b4-4953-ab1f-96326aba5ef7", "site_entity": "3e1d7e72-fd99-4c6d-87f3-31a22cfa2e9d", "controller_component": "e58ec08e-9d6e-4a73-aeb9-37509e6962ac", "config": {"some": "data"}, "created_at": "2020-10-04T23:07:17.761Z", "modified_at": "2020-10-04T23:07:17.761Z"}}, {"model": "farms.datapointtype", "pk": "4200cdd9-2871-4d98-93aa-00bde062c400", "fields": {"name": "Humidity", "unit": "%RH"}}, {"model": "farms.datapointtype", "pk": "6e32d1a9-6dc3-46d9-b618-24fd43144f7b", "fields": {"name": "Air temperature", "unit": "°C"}}, {"model": "farms.datapointtype", "pk": "96dde4ea-cb9d-4fc5-8be8-0fcc7fdf4883", "fields": {"name": "Air pressure", "unit": "Pa"}}, {"model": "farms.datapoint", "pk": "2020-10-04T23:10:38Z", "fields": {"peripheral_component": "5850349f-e633-4b4e-a387-916de884e77f", "data_point_type": "96dde4ea-cb9d-4fc5-8be8-0fcc7fdf4883", "value": 101000.0}}, {"model": "farms.datapoint", "pk": "2020-10-04T23:10:38.001Z", "fields": {"peripheral_component": "5850349f-e633-4b4e-a387-916de884e77f", "data_point_type": "6e32d1a9-6dc3-46d9-b618-24fd43144f7b", "value": 30.0}}, {"model": "farms.datapoint", "pk": "2020-10-04T23:10:38.002Z", "fields": {"peripheral_component": "5850349f-e633-4b4e-a387-916de884e77f", "data_point_type": "4200cdd9-2871-4d98-93aa-00bde062c400", "value": 30.0}}, {"model": "farms.datapoint", "pk": "2020-10-04T23:10:59Z", "fields": {"peripheral_component": "5850349f-e633-4b4e-a387-916de884e77f", "data_point_type": "96dde4ea-cb9d-4fc5-8be8-0fcc7fdf4883", "value": 102000.0}}, {"model": "farms.datapoint", "pk": "2020-10-04T23:10:59.001Z", "fields": {"peripheral_component": "5850349f-e633-4b4e-a387-916de884e77f", "data_point_type": "6e32d1a9-6dc3-46d9-b618-24fd43144f7b", "value": 31.0}}, {"model": "farms.datapoint", "pk": "2020-10-04T23:10:59.002Z", "fields": {"peripheral_component": "5850349f-e633-4b4e-a387-916de884e77f", "data_point_type": "4200cdd9-2871-4d98-93aa-00bde062c400", "value": 29.0}}, {"model": "farms.datapoint", "pk": "2020-10-04T23:11:07Z", "fields": {"peripheral_component": "5850349f-e633-4b4e-a387-916de884e77f", "data_point_type": "96dde4ea-cb9d-4fc5-8be8-0fcc7fdf4883", "value": 100000.0}}, {"model": "farms.datapoint", "pk": "2020-10-04T23:11:07.001Z", "fields": {"peripheral_component": "5850349f-e633-4b4e-a387-916de884e77f", "data_point_type": "6e32d1a9-6dc3-46d9-b618-24fd43144f7b", "value": 25.0}}, {"model": "farms.datapoint", "pk": "2020-10-04T23:11:07.002Z", "fields": {"peripheral_component": "5850349f-e633-4b4e-a387-916de884e77f", "data_point_type": "4200cdd9-2871-4d98-93aa-00bde062c400", "value": 31.0}}, {"model": "farms.datapoint", "pk": "2020-10-04T23:11:17Z", "fields": {"peripheral_component": "5850349f-e633-4b4e-a387-916de884e77f", "data_point_type": "96dde4ea-cb9d-4fc5-8be8-0fcc7fdf4883", "value": 99000.0}}, {"model": "farms.datapoint", "pk": "2020-10-04T23:11:17.001Z", "fields": {"peripheral_component": "5850349f-e633-4b4e-a387-916de884e77f", "data_point_type": "6e32d1a9-6dc3-46d9-b618-24fd43144f7b", "value": 24.0}}, {"model": "farms.datapoint", "pk": "2020-10-04T23:11:17.002Z", "fields": {"peripheral_component": "5850349f-e633-4b4e-a387-916de884e77f", "data_point_type": "4200cdd9-2871-4d98-93aa-00bde062c400", "value": 30.0}}, {"model": "farms.datapoint", "pk": "2020-10-04T23:11:27Z", "fields": {"peripheral_component": "5850349f-e633-4b4e-a387-916de884e77f", "data_point_type": "4200cdd9-2871-4d98-93aa-00bde062c400", "value": 30.0}}, {"model": "farms.datapoint", "pk": "2020-10-04T23:11:37Z", "fields": {"peripheral_component": "5850349f-e633-4b4e-a387-916de884e77f", "data_point_type": "96dde4ea-cb9d-4fc5-8be8-0fcc7fdf4883", "value": 96000.0}}, {"model": "farms.datapoint", "pk": "2020-10-04T23:11:37.001Z", "fields": {"peripheral_component": "5850349f-e633-4b4e-a387-916de884e77f", "data_point_type": "6e32d1a9-6dc3-46d9-b618-24fd43144f7b", "value": 23.0}}, {"model": "farms.datapoint", "pk": "2020-10-04T23:11:37.002Z", "fields": {"peripheral_component": "5850349f-e633-4b4e-a387-916de884e77f", "data_point_type": "4200cdd9-2871-4d98-93aa-00bde062c400", "value": 53.0}}, {"model": "farms.datapoint", "pk": "2020-10-04T23:11:45Z", "fields": {"peripheral_component": "5850349f-e633-4b4e-a387-916de884e77f", "data_point_type": "4200cdd9-2871-4d98-93aa-00bde062c400", "value": 56.0}}, {"model": "farms.datapoint", "pk": "2020-10-04T23:11:55Z", "fields": {"peripheral_component": "5850349f-e633-4b4e-a387-916de884e77f", "data_point_type": "96dde4ea-cb9d-4fc5-8be8-0fcc7fdf4883", "value": 95000.0}}, {"model": "farms.datapoint", "pk": "2020-10-04T23:11:55.001Z", "fields": {"peripheral_component": "5850349f-e633-4b4e-a387-916de884e77f", "data_point_type": "6e32d1a9-6dc3-46d9-b618-24fd43144f7b", "value": 22.0}}, {"model": "farms.datapoint", "pk": "2020-10-04T23:11:55.002Z", "fields": {"peripheral_component": "5850349f-e633-4b4e-a387-916de884e77f", "data_point_type": "4200cdd9-2871-4d98-93aa-00bde062c400", "value": 55.0}}]