[{"model":"sessions.session","pk":"0jtyjnsqkkdt9fpgihism0rq7fp3os9a","fields":{"session_data":".eJxVjDkOgzAUBe_iOraMN-yU9DkD-huBJAKJpYpy94BEkXRPmpn3Vi1sa99ui8ztwOqqXC6pkIhm77MOgURDDZWOtSTvvQTEpC6_GQI9ZTxafsB4nwxN4zoPaA7FnHQxt4nl1Zzu30EPS7_XxMBFvLXZExcn4LKVhKHEjjkLxn1El0ggVVmACFE6gIBgUygdqc8XLq1DAg:1kW1OJ:urxklXuIQaZz5nft3a7juepYpPDSdIuSolsQPaYjRl4","expire_date":"2020-11-06T18:02:15.125Z"}},{"model":"sessions.session","pk":"5eowo2spia8edhle9m254soh412d07z9","fields":{"session_data":".eJxVjDkOgzAUBe_iOraMN-yU9DkD-huBJAKJpYpy94BEkXRPmpn3Vi1sa99ui8ztwOqqXC6pkIhm77MOgURDDZWOtSTvvQTEpC6_GQI9ZTxafsB4nwxN4zoPaA7FnHQxt4nl1Zzu30EPS7_XxMBFvLXZExcn4LKVhKHEjjkLxn1El0ggVVmACFE6gIBgUygdqc8XLq1DAg:1kPCxr:BpElkGjyP_6CLXWZOe-OyHvmbYmv6XxKW2PYP0eTjQ8","expire_date":"2020-10-18T22:58:47.445Z"}},{"model":"sessions.session","pk":"8e8ygk57ikcvexlyy79l6u0mm6u1jnv2","fields":{"session_data":".eJxVjDkOgzAUBe_iOraMN-yU9DkD-huBJAKJpYpy94BEkXRPmpn3Vi1sa99ui8ztwOqqXC6pkIhm77MOgURDDZWOtSTvvQTEpC6_GQI9ZTxafsB4nwxN4zoPaA7FnHQxt4nl1Zzu30EPS7_XxMBFvLXZExcn4LKVhKHEjjkLxn1El0ggVVmACFE6gIBgUygdqc8XLq1DAg:1kRjK7:ZcrokNDKEfMfZKP2DB23iwk8qEoD4mfB_gEFKu7lmNM","expire_date":"2020-10-25T21:56:11.178Z"}},{"model":"oauth2_provider.application","pk":1,"fields":{"client_id":"LHigbQpccy8nCme8pVf4fY0og94YhYprmm3pQz0m","user":"28969cee-d338-44ce-a7a1-57e6333e4bb6","redirect_uris":"https://oauth.pstmn.io/v1/callback","client_type":"confidential","authorization_grant_type":"authorization-code","client_secret":"amS6mWivasssNpwBZZncviexJHRWhWpZx4em0eLri54ilB28zFEjhoi3duQVPRrb6oV5GjgI36RRktRY0uMYOsPMLqf5XMjpzCQkUB8lKSRGizZsJi0ZA1uINbW0UdfS","name":"Postman Client","skip_authorization":false,"created":"2020-10-23T18:02:57.251Z","updated":"2020-10-23T18:02:57.251Z"}},{"model":"address.address","pk":1,"fields":{"street_number":"","route":"","locality":null,"raw":"Rebenring 31, Braunschweig","formatted":"Rebenring 31, Braunschweig","latitude":null,"longitude":null}},{"model":"accounts.user","pk":"28969cee-d338-44ce-a7a1-57e6333e4bb6","fields":{"password":"pbkdf2_sha256$216000$A3EBg9QJ1DSB$ySWnAEgYhge4hWzlOX89oyo0pNFF43K2EGfCDR+geVg=","last_login":"2020-10-23T18:02:15.118Z","is_superuser":true,"email":"moritz.ulmer@posteo.de","is_staff":true,"is_active":true,"groups":[],"user_permissions":[]}},{"model":"accounts.profile","pk":"28969cee-d338-44ce-a7a1-57e6333e4bb6","fields":{"short_name":"","full_name":"","date_joined":"2020-10-04T22:17:28.178Z"}},{"model":"farms.site","pk":"7bf7fa66-555e-47d3-8b79-b040eaa05ac5","fields":{"name":"Protohaus Makerspace","owner":"28969cee-d338-44ce-a7a1-57e6333e4bb6","address":1,"created_at":"2020-10-04T23:02:05.310Z","modified_at":"2020-10-04T23:02:05.310Z"}},{"model":"farms.site","pk":"fa63511d-9a30-410d-8a2a-5f72e56a2072","fields":{"name":"Protohaus Gewächshaus","owner":"28969cee-d338-44ce-a7a1-57e6333e4bb6","address":1,"created_at":"2020-10-04T23:01:48.487Z","modified_at":"2020-10-04T23:01:48.487Z"}},{"model":"farms.siteentity","pk":"20f5d4db-4106-42d7-973a-33d70ce65319","fields":{"site":"fa63511d-9a30-410d-8a2a-5f72e56a2072","name":"BME280 - B","created_at":"2020-10-04T23:08:07.464Z","modified_at":"2020-10-04T23:08:07.464Z"}},{"model":"farms.siteentity","pk":"3e1d7e72-fd99-4c6d-87f3-31a22cfa2e9d","fields":{"site":"fa63511d-9a30-410d-8a2a-5f72e56a2072","name":"BME280 - A","created_at":"2020-10-04T23:06:56.090Z","modified_at":"2020-10-04T23:06:56.090Z"}},{"model":"farms.siteentity","pk":"52dd4eea-e184-4f94-85de-bdd8490d5f9d","fields":{"site":"fa63511d-9a30-410d-8a2a-5f72e56a2072","name":"Central ESP32","created_at":"2020-10-04T23:05:23.334Z","modified_at":"2020-10-04T23:05:23.334Z"}},{"model":"farms.controllercomponenttype","pk":"e81a35c7-99d8-4abb-baaa-684af6a39ba8","fields":{"name":"ESP32","created_at":"2020-10-04T23:04:07.700Z","modified_at":"2020-10-04T23:04:07.700Z"}},{"model":"farms.controllercomponent","pk":"e58ec08e-9d6e-4a73-aeb9-37509e6962ac","fields":{"component_type":"e81a35c7-99d8-4abb-baaa-684af6a39ba8","site_entity":"52dd4eea-e184-4f94-85de-bdd8490d5f9d","channel_name":"specific.5e9e9446948b4a2d90edda7e033692ce!f7342361594d4d199aece50694f48f03","created_at":"2020-10-04T23:05:26.139Z","modified_at":"2020-10-23T18:01:49.333Z"}},{"model":"farms.controllerauthtoken","pk":"0b8eb0f583b264bbe9dda31d003140b79e740577","fields":{"controller":"e58ec08e-9d6e-4a73-aeb9-37509e6962ac","created_at":"2020-10-11T21:56:48.831Z"}},{"model":"farms.controllermessage","pk":1,"fields":{"created_at":"2020-10-23T18:01:49.419Z","controller":"e58ec08e-9d6e-4a73-aeb9-37509e6962ac","message":{"type":"reg","task_names":["AlertSensor","DummyTask","PollSensor","ReadSensor","SetLight","WriteActuator"],"peripheral_names":["BME280","CapacitiveSensor","DummyPeripheral","I2CAdapter","InvalidPeripheral","LED","NeoPixel"]}}},{"model":"farms.controllermessage","pk":2,"fields":{"created_at":"2020-10-23T18:01:49.432Z","controller":"e58ec08e-9d6e-4a73-aeb9-37509e6962ac","message":{"name":"system_monitor","type":"tel","wifi_rssi":-49,"least_free_bytes":183092,"free_memory_bytes":184444,"productive_percent":99.4,"heap_fragmentation_percent":38.30539}}},{"model":"farms.controllermessage","pk":3,"fields":{"created_at":"2020-10-23T18:02:49.441Z","controller":"e58ec08e-9d6e-4a73-aeb9-37509e6962ac","message":{"name":"system_monitor","type":"tel","wifi_rssi":-49,"least_free_bytes":180660,"free_memory_bytes":186088,"productive_percent":93.04819,"heap_fragmentation_percent":38.85044}}},{"model":"farms.peripheralcomponent","pk":"1d2f1624-ae11-408b-a1d4-e4ab6ee491f1","fields":{"site_entity":"20f5d4db-4106-42d7-973a-33d70ce65319","controller_component":"e58ec08e-9d6e-4a73-aeb9-37509e6962ac","peripheral_type":"BME280","state":"ADDED_STATE","parameters":{"some":"other data"},"created_at":"2020-10-04T23:08:21.330Z","modified_at":"2020-10-04T23:08:21.330Z"}},{"model":"farms.peripheralcomponent","pk":"5850349f-e633-4b4e-a387-916de884e77f","fields":{"site_entity":"3e1d7e72-fd99-4c6d-87f3-31a22cfa2e9d","controller_component":"e58ec08e-9d6e-4a73-aeb9-37509e6962ac","peripheral_type":"BME280","state":"ADDED_STATE","parameters":{"some":"data"},"created_at":"2020-10-04T23:07:17.761Z","modified_at":"2020-10-04T23:07:17.761Z"}},{"model":"farms.datapointtype","pk":"4200cdd9-2871-4d98-93aa-00bde062c400","fields":{"name":"Humidity","unit":"%RH"}},{"model":"farms.datapointtype","pk":"6e32d1a9-6dc3-46d9-b618-24fd43144f7b","fields":{"name":"Air temperature","unit":"°C"}},{"model":"farms.datapointtype","pk":"96dde4ea-cb9d-4fc5-8be8-0fcc7fdf4883","fields":{"name":"Air pressure","unit":"Pa"}},{"model":"farms.datapoint","pk":"2020-10-04T23:10:38Z","fields":{"peripheral_component":"5850349f-e633-4b4e-a387-916de884e77f","data_point_type":"96dde4ea-cb9d-4fc5-8be8-0fcc7fdf4883","value":101000}},{"model":"farms.datapoint","pk":"2020-10-04T23:10:38.001Z","fields":{"peripheral_component":"5850349f-e633-4b4e-a387-916de884e77f","data_point_type":"6e32d1a9-6dc3-46d9-b618-24fd43144f7b","value":30}},{"model":"farms.datapoint","pk":"2020-10-04T23:10:38.002Z","fields":{"peripheral_component":"5850349f-e633-4b4e-a387-916de884e77f","data_point_type":"4200cdd9-2871-4d98-93aa-00bde062c400","value":30}},{"model":"farms.datapoint","pk":"2020-10-04T23:10:59Z","fields":{"peripheral_component":"5850349f-e633-4b4e-a387-916de884e77f","data_point_type":"96dde4ea-cb9d-4fc5-8be8-0fcc7fdf4883","value":102000}},{"model":"farms.datapoint","pk":"2020-10-04T23:10:59.001Z","fields":{"peripheral_component":"5850349f-e633-4b4e-a387-916de884e77f","data_point_type":"6e32d1a9-6dc3-46d9-b618-24fd43144f7b","value":31}},{"model":"farms.datapoint","pk":"2020-10-04T23:10:59.002Z","fields":{"peripheral_component":"5850349f-e633-4b4e-a387-916de884e77f","data_point_type":"4200cdd9-2871-4d98-93aa-00bde062c400","value":29}},{"model":"farms.datapoint","pk":"2020-10-04T23:11:07Z","fields":{"peripheral_component":"5850349f-e633-4b4e-a387-916de884e77f","data_point_type":"96dde4ea-cb9d-4fc5-8be8-0fcc7fdf4883","value":100000}},{"model":"farms.datapoint","pk":"2020-10-04T23:11:07.001Z","fields":{"peripheral_component":"5850349f-e633-4b4e-a387-916de884e77f","data_point_type":"6e32d1a9-6dc3-46d9-b618-24fd43144f7b","value":25}},{"model":"farms.datapoint","pk":"2020-10-04T23:11:07.002Z","fields":{"peripheral_component":"5850349f-e633-4b4e-a387-916de884e77f","data_point_type":"4200cdd9-2871-4d98-93aa-00bde062c400","value":31}},{"model":"farms.datapoint","pk":"2020-10-04T23:11:17Z","fields":{"peripheral_component":"5850349f-e633-4b4e-a387-916de884e77f","data_point_type":"96dde4ea-cb9d-4fc5-8be8-0fcc7fdf4883","value":99000}},{"model":"farms.datapoint","pk":"2020-10-04T23:11:17.001Z","fields":{"peripheral_component":"5850349f-e633-4b4e-a387-916de884e77f","data_point_type":"6e32d1a9-6dc3-46d9-b618-24fd43144f7b","value":24}},{"model":"farms.datapoint","pk":"2020-10-04T23:11:17.002Z","fields":{"peripheral_component":"5850349f-e633-4b4e-a387-916de884e77f","data_point_type":"4200cdd9-2871-4d98-93aa-00bde062c400","value":30}},{"model":"farms.datapoint","pk":"2020-10-04T23:11:27Z","fields":{"peripheral_component":"5850349f-e633-4b4e-a387-916de884e77f","data_point_type":"4200cdd9-2871-4d98-93aa-00bde062c400","value":30}},{"model":"farms.datapoint","pk":"2020-10-04T23:11:37Z","fields":{"peripheral_component":"5850349f-e633-4b4e-a387-916de884e77f","data_point_type":"96dde4ea-cb9d-4fc5-8be8-0fcc7fdf4883","value":96000}},{"model":"farms.datapoint","pk":"2020-10-04T23:11:37.001Z","fields":{"peripheral_component":"5850349f-e633-4b4e-a387-916de884e77f","data_point_type":"6e32d1a9-6dc3-46d9-b618-24fd43144f7b","value":23}},{"model":"farms.datapoint","pk":"2020-10-04T23:11:37.002Z","fields":{"peripheral_component":"5850349f-e633-4b4e-a387-916de884e77f","data_point_type":"4200cdd9-2871-4d98-93aa-00bde062c400","value":53}},{"model":"farms.datapoint","pk":"2020-10-04T23:11:45Z","fields":{"peripheral_component":"5850349f-e633-4b4e-a387-916de884e77f","data_point_type":"4200cdd9-2871-4d98-93aa-00bde062c400","value":56}},{"model":"farms.datapoint","pk":"2020-10-04T23:11:55Z","fields":{"peripheral_component":"5850349f-e633-4b4e-a387-916de884e77f","data_point_type":"96dde4ea-cb9d-4fc5-8be8-0fcc7fdf4883","value":95000}},{"model":"farms.datapoint","pk":"2020-10-04T23:11:55.001Z","fields":{"peripheral_component":"5850349f-e633-4b4e-a387-916de884e77f","data_point_type":"6e32d1a9-6dc3-46d9-b618-24fd43144f7b","value":22}},{"model":"farms.datapoint","pk":"2020-10-04T23:11:55.002Z","fields":{"peripheral_component":"5850349f-e633-4b4e-a387-916de884e77f","data_point_type":"4200cdd9-2871-4d98-93aa-00bde062c400","value":55}}]